–¢–µ–≥,–ù–∞–∑–≤–∞–Ω–∏–µ —Ç—Ä–µ–∫–∞,–ü—Ä–æ—Å–ª—É—à–∏–≤–∞–Ω–∏—è,–õ–∞–π–∫–∏,–ö–æ–º–º–µ–Ω—Ç–∞—Ä–∏–∏,–¢–µ–≥–∏ –∏–∑ —Ç—Ä–µ–∫–∞
hip-hop,Life for Hip Hop Cheema Y,745149,5509,48,
hip-hop,Life For Hip Hop,419364,2322,6,
hip-hop,Belt Boyz,1213117,26154,303,
hip-hop,Gunna - Spending Addiction,641858,6866,19,
hip-hop,Gunna - Helluva Price,692327,8244,25,
hip-hop,Gunna - Pedestrian,620356,7021,25,
hip-hop,Sneaking,3620238,68637,663,
hip-hop,Lembran√ßas - Hungria Hip Hop,17968168,308280,1572,"""Hungria Hip hop "" ""Hungria Lembran√ßas"" Lembran√ßas-Hungria ""Rap #HipHopp"""
hip-hop,Gunna - Top Off,993798,11539,39,
hip-hop,Hip Hop Hooray,1026441,20342,178,Hardcore
hip-hop,Viral Hip-Hop Mashup by 917Josh,161155,8339,67,
hip-hop,Party Girl,98292664,1062117,29949,Hip-Hop
hip-hop,Chief Keef- Faneto,4464458,76240,1026,"Hip-Hop ""Chief Keep"" Rap Trap"
hip-hop,What They Told Me,793430,16672,162,
hip-hop,She Different (feat. Hunxho),989859,22123,97,
hip-hop,Missing Everything,2250963,42489,539,
hip-hop,–ö–∞—Å—Ç–∞ - –í–æ–∫—Ä—É–≥ —à—É–º,4150155,63730,351,Hip-Hop
hip-hop,Killa Season,1666201,30734,295,
hip-hop,"PTSD (feat. Chance The Rapper, Juice WRLD & Lil Uzi Vert)",44618895,498713,11112,
hip-hop,–ú–∞–∫—Å –ö–æ—Ä–∂ ‚Äî –ñ–∏—Ç—å –í –ö–∞–∏ÃÜ—Ñ,12387624,156308,941,"""–º–∞–∫—Å –∫–æ—Ä–∂"""
hip-hop,Pitbull - Time Of Our Lives Ft. Ne-Yo,52113129,649960,3227,"Ne-Yo ""Time Of Our Lives"" Globalization Dal√© Hip-Hop Dance Pop"
hip-hop,Never Stopping,1441766,26512,318,
hip-hop,Toxi$ - November (prod. Fantom),6635063,94617,1355,"Toxi$ November Heartbreak Hip-Hop ""Zion Music"" New"
hip-hop,Viking,2832633,62956,897,
hip-hop,JayDaYoungan - Made The List,1422777,17296,126,
jazz,Jazz,323833,6891,19,"""Lil Double O"""
jazz,Jazz,127966,1717,39,
jazz,Amy Winehouse - Back To Black,12058296,217310,1564,
jazz,–ê–≤–≥—É—Å—Ç,12041497,162861,2600,"""Smooth Jazz"" TechnoBlues TechnoJazz"
jazz,See you again,5129485,71952,2790,Jazz Swing
jazz,TUL8TE - HABEEBY LEH ÿ™ŸàŸà ŸÑŸäÿ™ - ÿ≠ÿ®Ÿäÿ®Ÿä ŸÑŸäŸá,2113544,57870,330,TUL8TE - HABEEBY LEH ÿ™ŸàŸà ŸÑŸäÿ™ ÿ≠ÿ®Ÿäÿ®Ÿä ŸÑŸäŸá Trap Rap rock Folk Hip hop Rock Country Jazz dance Electronic Pop
jazz,NBA Youngboy -  Decieved Emotions,10496882,112411,542,Drum Bass Dubstep Electr√≥nica Folk Cantautores Hip hop Rap House Indie Jazz Blues Latina Metal Piano Pop R&B Soul Reggae Reguet√≥n Bandas sonoras Techno Trance Trap Triphop M√∫sica mundo
jazz,TUL8TE - MATEEGY A3ADY ALEIKY ÿ™ŸàŸà ŸÑŸäÿ™ - ŸÖÿßÿ™Ÿäÿ¨Ÿä ÿßÿπÿØŸä ÿπŸÑŸäŸÉŸä,3027807,90432,412,"TUL8TE - MATEEGY A3ADY ALEIKY ÿ™ŸàŸà ŸÑŸäÿ™ ŸÖÿßÿ™Ÿäÿ¨Ÿä ÿßÿπÿØŸä ÿπŸÑŸäŸÉŸä Pop Electronic music set dance Jazz Country Rock Hip hop Folk rock ""Rap #Trap"""
jazz,Drake - Passionfruit (Official Audio) (Extended Version) [HQ],4979142,65955,910,"R&B ""Hip Hop"" Rap Melodic Melody Jazz Night Vibes Vibe City Car Driving Smooth Chill ""Chill Pop"" ""Chill Hip Hop"" Extended Highway Dance ""Dance Pop"" Dancehall Pop Piano Violin Drums Beat Drumstep Bass HQ Synth"
jazz,Khaab  Bollywood romantic song,1729323,16825,93,"Pop Jazz Ballad ""Smooth Jazz"""
jazz,What You Won't Do for Love,3279506,66702,721,"""Smooth Jazz"""
jazz,sleep,40092,297,9,sad sound music lit trap top 100 like follow new Audio dark lofi Lo-Fi mood feels listen play hard quarantine
jazz,Tanin Jazz - –í–∏—Ä—Ç—É–∞–ª—å–Ω–∞—è –õ—é–±–æ–≤—å - Virtual Love (full piano ver. + words),1226553,21129,397,
jazz,"TANIN JAZZ - –í–ò–†–¢–£–ê–õ–¨–ù–ê–Ø –õ–Æ–ë–û–í–¨ - –Ø –∑–Ω–∞—é —Ç–≤–æ–π —Ç–µ–ª–µ—Ñ–æ–Ω, –Ω–æ –Ω–∏–∫–æ–≥–¥–∞ –Ω–µ –ø–æ–∑–≤–æ–Ω—é",1979425,26576,375,
jazz,Cherry Hill - Russ {Split},6348648,91836,591,"sad slow Rap ""Hip Hop"" russ chill sleep vibes split splitaudio headphones like follow life listen Raw Ep Art New Jam Wave Sad City Mix"
jazz,from the start (meowfey),255060,5657,175,"Jazz ""Smooth Jazz"""
jazz,Vintage Grooves,169966,3049,26,RBsoul
jazz,Sun Dappled Comfort,91164,2,1,
jazz,LoveGame New Jazz Prod Bread Beatz,3151249,45965,422,"""new jazz"" zodiak bread breadbeatz amir. hako lovegamenewjazz Loop lovegame"
jazz,The Night We Met,384229,2043,57,
jazz,just dance (new jazz / house remix) @breadbeatz @newmagick,903915,11883,85,"Remix ""new jazz"""
jazz,"Show #672 | Future Beats, House, & Jazz Fusion",34130,1368,91,SOULECTION
jazz,virtual love speed up (russian song) -tanin jazz,850860,13958,399,
jazz,bersamamu - jazz speed up tiktok version.mp3,2148699,9991,30,
chill,On Chill (feat. Jeremih),24004414,340621,2774,rnb scfirst
chill,G-Eazy - Tumblr Girls,11760015,154011,2097,Rap Chill Melodic Sad Chillout Mellow Relax
chill,alone again,8719605,115482,3482,Other macdemarco Slow Edit Audio Alternative Remix Chill
chill,PinkPantheress - Pain (slowed),2394295,33773,625,"lofi lofihiphop pinkpantheress tiktok ezbw Chill Love goodnight viral slowed ""i had a few dreams about you"""
chill,Daddy Issues- The Neighbourhood,15588899,215847,4878,"""the neighbourhood"" ""Daddy issues"" chill"
chill,Will Paquin - Chandelier,14988330,172167,2456,"Chill ""Tik Tok"" ""Indie Music"""
chill,Mr. Saxobeat,17731662,247572,1645,"Disco Sax trap saxobeat mr ""mr saxobeat"" rap ""Hip Hop"" banger Music Club dubstep Chill"
chill,ƒêen - B√†i N√†y Chill Ph·∫øt ft. MIN,2651775,19583,89,"Rap Chill ""Hip Hop"""
chill,Lana Del Rey - Diet Mountain Dew,9903615,182867,1618,"USA America Britain Australia Best Trend Aesthetic Dope Deep House Pop Electronic Music Sound Song Track Remix Anime Like Listen Follow Share Repost Chill Tag Play Soothing Indie ""Lana Del Rey"""
chill,Maand - Bayaan,1138156,28589,120,"""hasan raheem"" "" hassan raheem"" ""bayan new album"" bayaan ""asfar hussain"" safar maand mand lofi House ""R&B & Soul"" Electronic ""Dance & EDM"" ""Deep House"" chill new trending feature desi bollywood bpm rnb nescafe"
chill,Imagine Dragons - Thunder (Danny Delgado Remix),39760891,629799,8866,Imaginedragons Remix Chill Chillout Dance Edm Music
chill,ANEMIA - Zhanbxqq & SKYVER (Super Slowed),38,1,1,"Funk ANEMIA Zhanbxqq SKYVER ""Super Slowed"" ""Chill funk"" chill ""Brazilian funk"" ""funk 2025"" —Ñ–æ–Ω–∫ —Ñ–æ–Ω–∫–∞"
chill,CHILL,430137,7001,38,
chill,AFSOS (Slowed + Reverb) | Anuv Jain x AP Dhillon | Lofi Chill Song,371986,5493,26,
chill,C·ª© Chill Th√¥i - Chillies ftSuni H·∫° Linh & Rhymastic version lofi.....,3866163,34711,556,Lo-Fi
chill,Sao Em L·∫°i T·∫Øt M√°y - Gh√© Qua,733754,3002,17,"lofi rap ""sao em lai tat may"" chill"
chill,Ng√†y Em ƒê·∫πp Nh·∫•t | Tama (Lo-fi ver by Jayzi),2575109,11336,51,Lo-Fi Chill
chill,Y√™u M·ªôt Ng∆∞·ªùi Sao Bu·ªìn ƒê·∫øn Th·∫ø - Noo Ph∆∞·ªõc Th·ªãnh | Live @ Noo's Chill Night EP.02,1392197,8526,30,
chill,Nh·∫°c Lofi 2024  Nh·ªØng B·∫£n Lofi Mix M·∫°nh T√≠t Chill Nh·∫π Nh√†ng C·ª±c Hay  Nh·∫°c Tr·∫ª Lofi G√¢y Nghi·ªán 2024,2064687,17340,169,
chill,NoÃõi VuÃõÃ£c NoÃõi TroÃõÃÄi Full (Huy PT Remix) - LeÃÇ BaÃâo BiÃÄnh x meChill,1287914,10034,71,
chill,Gi√° Nh∆∞ - Noo Ph∆∞·ªõc Th·ªãnh | Live @ Noo's Chill Night EP.01,662153,3213,8,
chill,"Nh·∫°c Chill Tiktok 2024 M·ªõi Nh·∫•t , NhuÃõÃÉng LoÃõÃÄi HuÃõÃÅa BoÃâ QueÃÇn",1372943,10932,112,
chill,Mazza L20 x A1 - No Chill,296818,5464,49,
chill,C·∫£m ∆†n Em (lofi ver) - Thi√™n Ch√≠ x Air Lofi Chill,223482,1578,4,
trap,"GORILLA GLUE, LIL NAKUR - –ë—Ä–∞–≥–∏ –¥–≤–∞ –±–∏–¥–æ–Ω–∞",1196204,33408,954,
trap,S√≥ Rock 3 (feat. Rock Danger & meLLo),1141771,27298,264,"""Hip Hop/Rap"""
trap,Glitch,143624,433,59,trap zovr
trap,Trap Queen,211829368,2542058,30908,
trap,Alessia Cara - Here [Salako Remix],333403,10935,239,"trap hoodtrap ""chopped & screwed"""
trap,thap trap tu do (remix) - l√Ω l·ªØ ca prod. tyronee,305541,2983,38,
trap,thap trap tu do (remix) - l√Ω l·ªØ ca prod. tyronee,276647,2492,55,
trap,Matu√™ - Crack Com Mucilon (333 - N√£o oficial),2404831,32549,104,
trap,–ø–æ–ª–∫–∞ - –∑–Ω–∞—é (hoodtrap flip widee),457297,8385,127,
trap,LEVEL - Sardar Khehra,783754,8524,33,
trap,"Kizaru, Icegergert - Fake id (FULL Track)",438161,8445,115,"""Hip-hop & Rap"" Trap"
trap,–ú–∏–º–æ –ø–æ—Å—Ç–æ–≤,192488,5023,174,"Trap alternative ""Hip-hop & Rap"""
trap,140 x hoodtrap remix (Prod.by Dj Veshard).mp3,148340,8322,217,"""Hip Hop"" Trap"
trap,"King Von - Crazy Story (1, 2 ft. Durk, 3) Bass Boosted",9715540,99069,1653,
trap,Mc Cabelinho - GOTHAM,4444205,66684,157,
trap,Trap Royalty - Fetty Wap,1477077,27337,1075,
trap,Oruam - Liberdade (√Ålbum Completo),4265673,92163,1083,Mainstreet
trap,Orochi ‚ÄúMITSUBISHI‚Äù üîû (prod. Kizzy),8933489,130829,447,
trap,Filipe Ret - Vida Eterna (√Ålbum NUME Filipe Ret),903075,16090,43,(√Ålbum Nume ReT )
trap,Orochi 'SE O MUNDO ACABASSE HOJE' Feat. Borges  (prod.Ajaxx),3757574,44988,86,
trap,Cheema Y - Young Goat (Full Album) Gur Sidhu  Cheema Y New Album  Cheema Y New Song.mp3,776018,7625,22,
trap,Sdp Interlude (Extended Version),8855983,203998,1638,
trap,Whole Lotta Swag - –†–∞–∑–Ω–∏—Ü–∞,2389638,24730,137,
trap,FILIPE RET - N√≥s Combina (AS MELHORES DO FILIPE RET 2024),3696250,73813,378,"trap R&B ""as melhores"" lan√ßamentos nadamal ""trap rj"" ""trap br"" ""trap nacional"" ""trap brasil"""
trap,DomLaike - Posturad√£o ft. Filipe Ret,8444296,108820,426,"trap traprj ""trap rj"" Trap trapbr ""trap brasil"" filipe filiperet nadamal domlaike"
indi,Dancefloor - INDI feat. efan,3057,159,2,
indi,Ï≤´ÏÇ¨Îûë,10538076,92393,6621,Î∞±ÏïÑ indi folk playlist
indi,ÌÖåÎëêÎ¶¨,1506898,18124,337,Î∞±ÏïÑ folk playlist indi
indi,come home [indi + 3CB],262,25,5,
indi,Blow X Love Faces (Indi Mashup),3265,227,17,"beyonce ""self titled"" blow ""love faces"" ""trey songz"" Mashup djindi indi tiktok"
indi,Indi,45960,74,1,
indi,INDI x Bad Friends - Revival,2544,58,2,
indi,Vindhaa hithaa by indi,15435,279,7,soundcloud:source=android-3rdparty-upload
indi,Koaraadi theyo fulhi (cover) by indi,26506,482,21,
indi,Samaan - Indi Maan,273477,3501,14,
indi,INDI - INTO THE VOID '25,22,4,6,
indi,>TRUE NEO CHAOS - A DEAL WITH A DEVIL!,5406,144,15,"Deltarune Undertale Deltaswap Sewnpuard ""Secret Boss"" ""I Lowkey cooked"""
indi,Conceited X Tia Tamera (Mashup),4267,114,1,"""flo milli"" ""rico nasty"" conceited ""tia tamera"" tia tamera Trap ""mash up"" Mashup 1ckiv1cki ""Hip Hop"" ""sugar trap"""
indi,Arrows,19127,179,7,Rock indi
indi,HIGH - HUX (ft.INDI),3055,16,1,
indi,Good Vibes Only By Indi G,79967,1177,8,"""Indi G"" Remix Good Vibes Only 2022 GVO Drake ""21 Savage"" ""Burna Boy"" ""Diljit Dosanjh"" Future PBN ""Amar Arshi"" ""Sudesh Kumari"" ""Kulwinder Dhillon"" ""Balwinder Safri"" Latest Punjabi Song Mashup Panjabi Bhangra R&B Rap World DSV ""Sidhu Moose Wala"""
indi,Summer Interlude | Indi G,19579,347,5,"""Indi G"" Sukha ""Chris Brown"" PropheC ""Bryson Tiller"" Tems Remix ""Punjabi Remix"" 2024 Summer Mashup Bhangra Indian Desi Chill Drake punjabi panjabi latest Song R&B Rap ""Tegi Pannu"" ""Manni Sandhu"" ""Karan Aujla"" ""Diljit Dosanjh"" Interlude ""Indi G Music"" DSV World"
indi,"IndiGO - Ï†ÄÏä§ÎîîÏä§, ÌÇ§ÎìúÎ∞ÄÎ¶¨, NO:EL (ÎÖ∏Ïóò), ÏñëÌôçÏõê",1548304,14914,340,
indi,9:45 X Showstopper (mashup) | Prabh X Jerry | Latest Remix Song | Latest Punjabi Mix Song 2023,239953,4169,12,945 prabh prabhsingh jerry showstopper menunipechandi diljitdosanjh music love lovestatus lovesong lofi rnb song punjabi punjabimusic punjabisong punjabimovie tarsemjassar parmishverma amritmaan sidhumoosewala singer singing viral viralvideo viralsong mashup remix instavir
indi,SMASH YOUR TV ~ Cathode Blues,954,68,6,"Undertale ""Deltarune Chapter 3"" Deltarune ""Battle Theme"" Jazz"
indi,DJ INDI - NARMA DUB,11088,197,2,
pop,POP OUT,3031163,64634,5611,
pop,K POP,2450293,60965,1530,
pop,Pop,3255790,59148,1856,
pop,Headlock,5618115,117957,2085,"""Alternative Pop"""
pop,Show Me Love,2616321,67979,439,
pop,Cigarettes Out The Window,25414947,366501,8422,"indie-pop ""los angeles"" ""Hip Hop"""
pop,Not Allowed,36040629,460422,16211,"indie-pop ""los angeles"" ""Hip Hop"""
pop,did i tell u that i miss u,5252168,78323,1235,"pop Indie ""Indie Pop"" Alternative Lo-Fi ""Brian moser"" ""Brian moser song"""
pop,Something About You (feat. Dent May),24836101,306981,8283,Lo-Fi Pop Simp
pop,Sky,55208853,703053,15410,"""Whole Lotta Red"" WLR Pop"
pop,Swim,23500517,365341,4451,New newmusic rnb R&B chaseatlantic weeknd
pop,Love Potions (feat. Princess Paparazzi),7804101,102868,1851,
pop,"CAY - KH·∫ÆC H∆ØNG, JIMMII NGUY·ªÑN",466601,7779,116,
pop,T√åNH Y√äU BU√îNG THA CHO CH√öNG TA VER - Trungg I.U x L√¢m B·∫£o Ng·ªçc,1175520,10510,45,Pop Ballad
pop,Sam Wick - –ó–∞—è,12637694,108060,611,"""Sam Wick"" ""–°—ç–º –í–∏–∫"" –ó–∞—è"
pop,K POP,256927,6299,332,
pop,Mockingbird,19128762,330855,9232,"Pop ""R & B"""
pop,Smells Like Teen Spirit,17694383,297337,9043,Pop
pop,White Ferrari,10525894,166379,4196,
pop,Moonlight,85396215,1202903,45394,
pop,Come As You Are,20589787,325416,6519,Pop
pop,I Love You So,30222599,392774,10399,indie pop rock Chicago
pop,We Found Love,32323499,491964,6121,
pop,Pink + White,13023042,193994,1523,
pop,we fell in love in october,35360733,576921,30008,Pop
