Тег;Название трека;Прослушивания;Лайки;Комментарии;Теги из трека
hip-hop;Life for Hip Hop Cheema Y;745149;5509;48;
hip-hop;Life For Hip Hop;419364;2322;6;
hip-hop;Belt Boyz;1213117;26154;303;
hip-hop;Gunna - Spending Addiction;641858;6866;19;
hip-hop;Gunna - Helluva Price;692327;8244;25;
hip-hop;Gunna - Pedestrian;620356;7021;25;
hip-hop;Sneaking;3620238;68637;663;
hip-hop;Lembranças - Hungria Hip Hop;17968168;308280;1572;"""Hungria Hip hop "" ""Hungria Lembranças"" Lembranças-Hungria ""Rap #HipHopp"""
hip-hop;Gunna - Top Off;993798;11539;39;
hip-hop;Hip Hop Hooray;1026441;20342;178;Hardcore
hip-hop;Viral Hip-Hop Mashup by 917Josh;161155;8339;67;
hip-hop;Party Girl;98292664;1062117;29949;Hip-Hop
hip-hop;Chief Keef- Faneto;4464458;76240;1026;"Hip-Hop ""Chief Keep"" Rap Trap"
hip-hop;What They Told Me;793430;16672;162;
hip-hop;She Different (feat. Hunxho);989859;22123;97;
hip-hop;Missing Everything;2250963;42489;539;
hip-hop;Каста - Вокруг шум;4150155;63730;351;Hip-Hop
hip-hop;Killa Season;1666201;30734;295;
hip-hop;PTSD (feat. Chance The Rapper, Juice WRLD & Lil Uzi Vert);44618895;498713;11112;
hip-hop;Макс Корж — Жить В Кайф;12387624;156308;941;"""макс корж"""
hip-hop;Pitbull - Time Of Our Lives Ft. Ne-Yo;52113129;649960;3227;"Ne-Yo ""Time Of Our Lives"" Globalization Dalé Hip-Hop Dance Pop"
hip-hop;Never Stopping;1441766;26512;318;
hip-hop;Toxi$ - November (prod. Fantom);6635063;94617;1355;"Toxi$ November Heartbreak Hip-Hop ""Zion Music"" New"
hip-hop;Viking;2832633;62956;897;
hip-hop;JayDaYoungan - Made The List;1422777;17296;126;
jazz;Jazz;323833.0;6891.0;19.0;"""Lil Double O"""
jazz;Jazz;127966.0;1717.0;39.0;
jazz;Amy Winehouse - Back To Black;12058296.0;217310.0;1564.0;
jazz;Август;12041497.0;162861.0;2600.0;"""Smooth Jazz"" TechnoBlues TechnoJazz"
jazz;See you again;5129485.0;71952.0;2790.0;Jazz Swing
jazz;TUL8TE - HABEEBY LEH توو ليت - حبيبي ليه;2113544.0;57870.0;330.0;TUL8TE - HABEEBY LEH توو ليت حبيبي ليه Trap Rap rock Folk Hip hop Rock Country Jazz dance Electronic Pop
jazz;NBA Youngboy -  Decieved Emotions;10496882.0;112411.0;542.0;Drum Bass Dubstep Electrónica Folk Cantautores Hip hop Rap House Indie Jazz Blues Latina Metal Piano Pop R&B Soul Reggae Reguetón Bandas sonoras Techno Trance Trap Triphop Música mundo
jazz;TUL8TE - MATEEGY A3ADY ALEIKY توو ليت - ماتيجي اعدي عليكي;3027807.0;90432.0;412.0;"TUL8TE - MATEEGY A3ADY ALEIKY توو ليت ماتيجي اعدي عليكي Pop Electronic music set dance Jazz Country Rock Hip hop Folk rock ""Rap #Trap"""
jazz;Drake - Passionfruit (Official Audio) (Extended Version) [HQ];4979142.0;65955.0;910.0;"R&B ""Hip Hop"" Rap Melodic Melody Jazz Night Vibes Vibe City Car Driving Smooth Chill ""Chill Pop"" ""Chill Hip Hop"" Extended Highway Dance ""Dance Pop"" Dancehall Pop Piano Violin Drums Beat Drumstep Bass HQ Synth"
jazz;Khaab  Bollywood romantic song;1729323.0;16825.0;93.0;"Pop Jazz Ballad ""Smooth Jazz"""
jazz;What You Won't Do for Love;3279506.0;66702.0;721.0;"""Smooth Jazz"""
jazz;sleep;40092.0;297.0;9.0;sad sound music lit trap top 100 like follow new Audio dark lofi Lo-Fi mood feels listen play hard quarantine
jazz;Tanin Jazz - Виртуальная Любовь - Virtual Love (full piano ver. + words);1226553.0;21129.0;397.0;
jazz;TANIN JAZZ - ВИРТУАЛЬНАЯ ЛЮБОВЬ - Я знаю твой телефон, но никогда не позвоню;1979425.0;26576.0;375.0;
jazz;Cherry Hill - Russ {Split};6348648.0;91836.0;591.0;"sad slow Rap ""Hip Hop"" russ chill sleep vibes split splitaudio headphones like follow life listen Raw Ep Art New Jam Wave Sad City Mix"
jazz;from the start (meowfey);255060.0;5657.0;175.0;"Jazz ""Smooth Jazz"""
jazz;Vintage Grooves;169966.0;3049.0;26.0;RBsoul
jazz;Sun Dappled Comfort;91164.0;2.0;1.0;
jazz;LoveGame New Jazz Prod Bread Beatz;3151249.0;45965.0;422.0;"""new jazz"" zodiak bread breadbeatz amir. hako lovegamenewjazz Loop lovegame"
jazz;The Night We Met;384229.0;2043.0;57.0;
jazz;just dance (new jazz / house remix) @breadbeatz @newmagick;903915.0;11883.0;85.0;"Remix ""new jazz"""
jazz;Show #672 | Future Beats, House, & Jazz Fusion;34130.0;1368.0;91.0;SOULECTION
jazz;virtual love speed up (russian song) -tanin jazz;850860.0;13958.0;399.0;
jazz;Jazz;;;;Electronic
jazz;bersamamu - jazz speed up tiktok version.mp3;2148699.0;9991.0;30.0;
chill;On Chill (feat. Jeremih);24004414.0;340621.0;2774.0;rnb scfirst
chill;G-Eazy - Tumblr Girls;11760015.0;154011.0;2097.0;Rap Chill Melodic Sad Chillout Mellow Relax
chill;alone again;8719605.0;115482.0;3482.0;Other macdemarco Slow Edit Audio Alternative Remix Chill
chill;PinkPantheress - Pain (slowed);2394295.0;33773.0;625.0;"lofi lofihiphop pinkpantheress tiktok ezbw Chill Love goodnight viral slowed ""i had a few dreams about you"""
chill;Daddy Issues- The Neighbourhood;15588899.0;215847.0;4878.0;"""the neighbourhood"" ""Daddy issues"" chill"
chill;Will Paquin - Chandelier;14988330.0;172167.0;2456.0;"Chill ""Tik Tok"" ""Indie Music"""
chill;Mr. Saxobeat;17731662.0;247572.0;1645.0;"Disco Sax trap saxobeat mr ""mr saxobeat"" rap ""Hip Hop"" banger Music Club dubstep Chill"
chill;Đen - Bài Này Chill Phết ft. MIN;2651775.0;19583.0;89.0;"Rap Chill ""Hip Hop"""
chill;Lana Del Rey - Diet Mountain Dew;9903615.0;182867.0;1618.0;"USA America Britain Australia Best Trend Aesthetic Dope Deep House Pop Electronic Music Sound Song Track Remix Anime Like Listen Follow Share Repost Chill Tag Play Soothing Indie ""Lana Del Rey"""
chill;Maand - Bayaan;1138156.0;28589.0;120.0;"""hasan raheem"" "" hassan raheem"" ""bayan new album"" bayaan ""asfar hussain"" safar maand mand lofi House ""R&B & Soul"" Electronic ""Dance & EDM"" ""Deep House"" chill new trending feature desi bollywood bpm rnb nescafe"
chill;Imagine Dragons - Thunder (Danny Delgado Remix);39760891.0;629799.0;8866.0;Imaginedragons Remix Chill Chillout Dance Edm Music
chill;ANEMIA - Zhanbxqq & SKYVER (Slowed);132.0;2.0;0.0;Funk ANEMIA Zhanbxqq SKYVER Slowed chill фонк фонка
chill;ANEMIA - Zhanbxqq & SKYVER (Super Slowed);38.0;1.0;1.0;"Funk ANEMIA Zhanbxqq SKYVER ""Super Slowed"" ""Chill funk"" chill ""Brazilian funk"" ""funk 2025"" фонк фонка"
chill;CHILL;430137.0;7001.0;38.0;
chill;AFSOS (Slowed + Reverb) | Anuv Jain x AP Dhillon | Lofi Chill Song;371986.0;5493.0;26.0;
chill;Cứ Chill Thôi - Chillies ftSuni Hạ Linh & Rhymastic version lofi.....;3866163.0;34711.0;556.0;Lo-Fi
chill;Sao Em Lại Tắt Máy - Ghé Qua;733754.0;3002.0;17.0;"lofi rap ""sao em lai tat may"" chill"
chill;Ngày Em Đẹp Nhất | Tama (Lo-fi ver by Jayzi);2575109.0;11336.0;51.0;Lo-Fi Chill
chill;Yêu Một Người Sao Buồn Đến Thế - Noo Phước Thịnh | Live @ Noo's Chill Night EP.02;1392197.0;8526.0;30.0;
chill;Nhạc Lofi 2024  Những Bản Lofi Mix Mạnh Tít Chill Nhẹ Nhàng Cực Hay  Nhạc Trẻ Lofi Gây Nghiện 2024;2064687.0;17340.0;169.0;
chill;Nơi Vực Nơi Trời Full (Huy PT Remix) - Lê Bảo Bình x meChill;1287914.0;10034.0;71.0;
chill;Giá Như - Noo Phước Thịnh | Live @ Noo's Chill Night EP.01;662153.0;3213.0;8.0;
chill;Nhạc Chill Tiktok 2024 Mới Nhất , Những Lời Hứa Bỏ Quên;1372943.0;10932.0;112.0;
chill;Mazza L20 x A1 - No Chill;296818.0;5464.0;49.0;
chill;Cảm Ơn Em (lofi ver) - Thiên Chí x Air Lofi Chill;223482.0;1578.0;4.0;
trap;GORILLA GLUE, LIL NAKUR - Браги два бидона;1196204;33408;954;
trap;Só Rock 3 (feat. Rock Danger & meLLo);1141771;27298;264;"""Hip Hop/Rap"""
trap;Glitch;143624;433;59;trap zovr
trap;Trap Queen;211829368;2542058;30908;
trap;Alessia Cara - Here [Salako Remix];333403;10935;239;"trap hoodtrap ""chopped & screwed"""
trap;thap trap tu do (remix) - lý lữ ca prod. tyronee;305541;2983;38;
trap;thap trap tu do (remix) - lý lữ ca prod. tyronee;276647;2492;55;
trap;Matuê - Crack Com Mucilon (333 - Não oficial);2404831;32549;104;
trap;полка - знаю (hoodtrap flip widee);457297;8385;127;
trap;LEVEL - Sardar Khehra;783754;8524;33;
trap;Kizaru, Icegergert - Fake id (FULL Track);438161;8445;115;"""Hip-hop & Rap"" Trap"
trap;Мимо постов;192488;5023;174;"Trap alternative ""Hip-hop & Rap"""
trap;140 x hoodtrap remix (Prod.by Dj Veshard).mp3;148340;8322;217;"""Hip Hop"" Trap"
trap;King Von - Crazy Story (1, 2 ft. Durk, 3) Bass Boosted;9715540;99069;1653;
trap;Mc Cabelinho - GOTHAM;4444205;66684;157;
trap;Trap Royalty - Fetty Wap;1477077;27337;1075;
trap;Oruam - Liberdade (Álbum Completo);4265673;92163;1083;Mainstreet
trap;Orochi “MITSUBISHI” 🔞 (prod. Kizzy);8933489;130829;447;
trap;Filipe Ret - Vida Eterna (Álbum NUME Filipe Ret);903075;16090;43;(Álbum Nume ReT )
trap;Orochi 'SE O MUNDO ACABASSE HOJE' Feat. Borges  (prod.Ajaxx);3757574;44988;86;
trap;Cheema Y - Young Goat (Full Album) Gur Sidhu  Cheema Y New Album  Cheema Y New Song.mp3;776018;7625;22;
trap;Sdp Interlude (Extended Version);8855983;203998;1638;
trap;Whole Lotta Swag - Разница;2389638;24730;137;
trap;FILIPE RET - Nós Combina (AS MELHORES DO FILIPE RET 2024);3696250;73813;378;"trap R&B ""as melhores"" lançamentos nadamal ""trap rj"" ""trap br"" ""trap nacional"" ""trap brasil"""
trap;DomLaike - Posturadão ft. Filipe Ret;8444296;108820;426;"trap traprj ""trap rj"" Trap trapbr ""trap brasil"" filipe filiperet nadamal domlaike"
indi;Dancefloor - INDI feat. efan;3057;159;2;
indi;첫사랑;10538076;92393;6621;백아 indi folk playlist
indi;테두리;1506898;18124;337;백아 folk playlist indi
indi;come home [indi + 3CB];262;25;5;
indi;Blow X Love Faces (Indi Mashup);3265;227;17;"beyonce ""self titled"" blow ""love faces"" ""trey songz"" Mashup djindi indi tiktok"
indi;Indi;45960;74;1;
indi;Runaway;6145;78;0;
indi;INDI x Bad Friends - Revival;2544;58;2;
indi;Vindhaa hithaa by indi;15435;279;7;soundcloud:source=android-3rdparty-upload
indi;Koaraadi theyo fulhi (cover) by indi;26506;482;21;
indi;Samaan - Indi Maan;273477;3501;14;
indi;INDI - INTO THE VOID '25;22;4;6;
indi;>TRUE NEO CHAOS - A DEAL WITH A DEVIL!;5406;144;15;"Deltarune Undertale Deltaswap Sewnpuard ""Secret Boss"" ""I Lowkey cooked"""
indi;Conceited X Tia Tamera (Mashup);4267;114;1;"""flo milli"" ""rico nasty"" conceited ""tia tamera"" tia tamera Trap ""mash up"" Mashup 1ckiv1cki ""Hip Hop"" ""sugar trap"""
indi;Arrows;19127;179;7;Rock indi
indi;HIGH - HUX (ft.INDI);3055;16;1;
indi;Good Vibes Only By Indi G;79967;1177;8;"""Indi G"" Remix Good Vibes Only 2022 GVO Drake ""21 Savage"" ""Burna Boy"" ""Diljit Dosanjh"" Future PBN ""Amar Arshi"" ""Sudesh Kumari"" ""Kulwinder Dhillon"" ""Balwinder Safri"" Latest Punjabi Song Mashup Panjabi Bhangra R&B Rap World DSV ""Sidhu Moose Wala"""
indi;Indi - Племя;1023;23;0;
indi;Summer Interlude | Indi G;19579;347;5;"""Indi G"" Sukha ""Chris Brown"" PropheC ""Bryson Tiller"" Tems Remix ""Punjabi Remix"" 2024 Summer Mashup Bhangra Indian Desi Chill Drake punjabi panjabi latest Song R&B Rap ""Tegi Pannu"" ""Manni Sandhu"" ""Karan Aujla"" ""Diljit Dosanjh"" Interlude ""Indi G Music"" DSV World"
indi;IndiGO - 저스디스, 키드밀리, NO:EL (노엘), 양홍원;1548304;14914;340;
indi;9:45 X Showstopper (mashup) | Prabh X Jerry | Latest Remix Song | Latest Punjabi Mix Song 2023;239953;4169;12;945 prabh prabhsingh jerry showstopper menunipechandi diljitdosanjh music love lovestatus lovesong lofi rnb song punjabi punjabimusic punjabisong punjabimovie tarsemjassar parmishverma amritmaan sidhumoosewala singer singing viral viralvideo viralsong mashup remix instavir
indi;DJ INDI || CHAL HUN || DUB FIX;2984;68;0;
indi;SMASH YOUR TV ~ Cathode Blues;954;68;6;"Undertale ""Deltarune Chapter 3"" Deltarune ""Battle Theme"" Jazz"
indi;indi-моя;199;7;0;blues jazz jazzy
indi;DJ INDI - NARMA DUB;11088;197;2;
pop;POP OUT;3031163;64634;5611;
pop;K POP;2450293;60965;1530;
pop;Pop;3255790;59148;1856;
pop;Headlock;5618115;117957;2085;"""Alternative Pop"""
pop;Show Me Love;2616321;67979;439;
pop;Cigarettes Out The Window;25414947;366501;8422;"indie-pop ""los angeles"" ""Hip Hop"""
pop;Not Allowed;36040629;460422;16211;"indie-pop ""los angeles"" ""Hip Hop"""
pop;did i tell u that i miss u;5252168;78323;1235;"pop Indie ""Indie Pop"" Alternative Lo-Fi ""Brian moser"" ""Brian moser song"""
pop;Something About You (feat. Dent May);24836101;306981;8283;Lo-Fi Pop Simp
pop;Sky;55208853;703053;15410;"""Whole Lotta Red"" WLR Pop"
pop;Swim;23500517;365341;4451;New newmusic rnb R&B chaseatlantic weeknd
pop;Love Potions (feat. Princess Paparazzi);7804101;102868;1851;
pop;CAY - KHẮC HƯNG, JIMMII NGUYỄN;466601;7779;116;
pop;TÌNH YÊU BUÔNG THA CHO CHÚNG TA VER - Trungg I.U x Lâm Bảo Ngọc;1175520;10510;45;Pop Ballad
pop;Sam Wick - Зая;12637694;108060;611;"""Sam Wick"" ""Сэм Вик"" Зая"
pop;K POP;256927;6299;332;
pop;Mockingbird;19128762;330855;9232;"Pop ""R & B"""
pop;Smells Like Teen Spirit;17694383;297337;9043;Pop
pop;White Ferrari;10525894;166379;4196;
pop;Moonlight;85396215;1202903;45394;
pop;Come As You Are;20589787;325416;6519;Pop
pop;I Love You So;30222599;392774;10399;indie pop rock Chicago
pop;We Found Love;32323499;491964;6121;
pop;Pink + White;13023042;193994;1523;
pop;we fell in love in october;35360733;576921;30008;Pop